"Отметка времени","Ваше отношение к шаурме?","Ваше отношение к роллам/суши?","Ваше отношение к бургерам?","Ваше отношение к пицце?","Ваше отношение к пиву?","Ваше отношение к водке?","Ваше отношение к шашлыкам?","Ваше отношение к томатному соку?","Ваше отношение к яблочному соку?","Ваше отношение к программированию?","Ваше отношение к чипсам/начос?","Ваше отношение к кофе?","Ваше отношение к сельдерею?","Ваше отношение к грибам?","Ваше отношение к гречке?","Ваше отношение к сыру с плесенью?","Ваш возраст","У вас есть аллергии?","Ваш биологический гендер"
"2017/01/28 8:02:42 ПП GMT+5","Обожаю","","Иногда ем (раз в 2 недели и реже)","Обожаю","Обожаю","Терпеть не могу","Иногда ем (раз в 2 недели и реже)","Терпеть не могу","Обожаю","Обожаю","Иногда ем (раз в 2 недели и реже)","Иногда пью (раз в 2 недели и реже)","Иногда ем (раз в месяц и реже)","Терпеть не могу","Иногда ем (раз в месяц и реже)","Терпеть не могу","","Да и много","Мужчина"
"2017/01/28 8:08:10 ПП GMT+5","Терпеть не могу","","Терпеть не могу","Иногда ем (раз в 2 недели и реже)","Иногда пью (раз в 2 недели и реже)","Терпеть не могу","Терпеть не могу","Иногда пью (раз в 2 недели и реже)","Иногда пью (раз в 2 недели и реже)","Обожаю","Иногда ем (раз в 2 недели и реже)","Иногда пью (раз в 2 недели и реже)","Иногда ем (раз в месяц и реже)","Иногда ем (раз в месяц и реже)","Иногда ем (раз в месяц и реже)","Иногда ем (раз в месяц и реже)","21-25 лет","Нет","Мужчина"
"2017/01/28 8:08:13 ПП GMT+5","Обожаю","","Обожаю","Обожаю","Обожаю","Иногда пью (раз в 2 недели и реже)","Обожаю","Терпеть не могу","Обожаю","Немного умею, но особо этим не занимаюсь","Иногда ем (раз в 2 недели и реже)","Терпеть не могу","Иногда ем (раз в месяц и реже)","Обожаю","Иногда ем (раз в месяц и реже)","Обожаю","16-20 лет","Нет","Женщина"
"2017/01/28 8:08:21 ПП GMT+5","Обожаю","","Обожаю","Иногда ем (раз в 2 недели и реже)","Обожаю","Обожаю","Обожаю","Иногда пью (раз в 2 недели и реже)","Терпеть не могу","Обожаю","Обожаю","Иногда пью (раз в 2 недели и реже)","Терпеть не могу","Иногда ем (раз в месяц и реже)","Обожаю","Обожаю","26-33 года","Да, но всего 1-2","Женщина"
"2017/01/28 8:08:49 ПП GMT+5","Терпеть не могу","","Обожаю","Иногда ем (раз в 2 недели и реже)","Терпеть не могу","Терпеть не могу","Иногда ем (раз в 2 недели и реже)","Иногда пью (раз в 2 недели и реже)","Обожаю","Обожаю","Обожаю","Иногда пью (раз в 2 недели и реже)","Терпеть не могу","Терпеть не могу","Обожаю","Терпеть не могу","21-25 лет","Да и много","Мужчина"
"2017/01/28 8:12:02 ПП GMT+5","Иногда ем (раз в 2 недели и реже)","","Обожаю","Обожаю","Обожаю","Терпеть не могу","Обожаю","Иногда пью (раз в 2 недели и реже)","Иногда пью (раз в 2 недели и реже)","Обожаю","Обожаю","Обожаю","Иногда ем (раз в месяц и реже)","Обожаю","Иногда ем (раз в месяц и реже)","Иногда ем (раз в месяц и реже)","26-33 года","Нет","Женщина"
"2017/01/28 8:12:30 ПП GMT+5","Иногда ем (раз в 2 недели и реже)","","Обожаю","Иногда ем (раз в 2 недели и реже)","Обожаю","Терпеть не могу","Обожаю","Иногда пью (раз в 2 недели и реже)","Иногда пью (раз в 2 недели и реже)","Обожаю","Иногда ем (раз в 2 недели и реже)","Иногда пью (раз в 2 недели и реже)","Обожаю","Терпеть не могу","Иногда ем (раз в месяц и реже)","Терпеть не могу","21-25 лет","Нет","Мужчина"
"2017/01/28 8:13:59 ПП GMT+5","Иногда ем (раз в 2 недели и реже)","","Обожаю","Обожаю","Обожаю","Терпеть не могу","Обожаю","Обожаю","Обожаю","Обожаю","Иногда ем (раз в 2 недели и реже)","Обожаю","Иногда ем (раз в месяц и реже)","Обожаю","Обожаю","Обожаю","26-33 года","Нет","Мужчина"
"2017/01/28 8:14:47 ПП GMT+5","Обожаю","","Обожаю","Обожаю","Обожаю","Иногда пью (раз в 2 недели и реже)","Терпеть не могу","Терпеть не могу","Обожаю","Немного умею, но особо этим не занимаюсь","Обожаю","Иногда пью (раз в 2 недели и реже)","Терпеть не могу","Обожаю","Обожаю","Иногда ем (раз в месяц и реже)","21-25 лет","Да, но всего 1-2","Женщина"
"2017/01/28 8:15:52 ПП GMT+5","Иногда ем (раз в 2 недели и реже)","","Иногда ем (раз в 2 недели и реже)","Иногда ем (раз в 2 недели и реже)","Обожаю","Иногда пью (раз в 2 недели и реже)","Иногда ем (раз в 2 недели и реже)","Терпеть не могу","Иногда пью (раз в 2 недели и реже)","Обожаю","Терпеть не могу","Иногда пью (раз в 2 недели и реже)","Терпеть не могу","Иногда ем (раз в месяц и реже)","Иногда ем (раз в месяц и реже)","Терпеть не могу","21-25 лет","Нет","Мужчина"
"2017/01/28 8:15:53 ПП GMT+5","Иногда ем (раз в 2 недели и реже)","","Иногда ем (раз в 2 недели и реже)","Иногда ем (раз в 2 недели и реже)","Иногда пью (раз в 2 недели и реже)","Терпеть не могу","Иногда ем (раз в 2 недели и реже)","Иногда пью (раз в 2 недели и реже)","Иногда пью (раз в 2 недели и реже)","Немного умею, но особо этим не занимаюсь","Иногда ем (раз в 2 недели и реже)","Обожаю","Терпеть не могу","Терпеть не могу","Иногда ем (раз в месяц и реже)","Иногда ем (раз в месяц и реже)","26-33 года","Да и много","Мужчина"
"2017/01/28 8:16:32 ПП GMT+5","Иногда ем (раз в 2 недели и реже)","","Иногда ем (раз в 2 недели и реже)","Иногда ем (раз в 2 недели и реже)","Иногда пью (раз в 2 недели и реже)","Иногда пью (раз в 2 недели и реже)","Обожаю","Терпеть не могу","Иногда пью (раз в 2 недели и реже)","Обожаю","Иногда ем (раз в 2 недели и реже)","Обожаю","Иногда ем (раз в месяц и реже)","Иногда ем (раз в месяц и реже)","Обожаю","Терпеть не могу","26-33 года","Да, но всего 1-2","Мужчина"
"2017/01/28 8:17:46 ПП GMT+5","Иногда ем (раз в 2 недели и реже)","","Иногда ем (раз в 2 недели и реже)","Иногда ем (раз в 2 недели и реже)","Иногда пью (раз в 2 недели и реже)","Терпеть не могу","Иногда ем (раз в 2 недели и реже)","Иногда пью (раз в 2 недели и реже)","Обожаю","Обожаю","Иногда ем (раз в 2 недели и реже)","Иногда пью (раз в 2 недели и реже)","","Обожаю","Иногда ем (раз в месяц и реже)","","21-25 лет","Нет","Мужчина"
"2017/01/28 8:18:09 ПП GMT+5","Терпеть не могу","","Терпеть не могу","Иногда ем (раз в 2 недели и реже)","Терпеть не могу","Терпеть не могу","Обожаю","Иногда пью (раз в 2 недели и реже)","Иногда пью (раз в 2 недели и реже)","Немного умею, но особо этим не занимаюсь","Иногда ем (раз в 2 недели и реже)","Иногда пью (раз в 2 недели и реже)","Иногда ем (раз в месяц и реже)","Иногда ем (раз в месяц и реже)","Иногда ем (раз в месяц и реже)","Терпеть не могу","26-33 года","Нет","Мужчина"
"2017/01/28 8:18:16 ПП GMT+5","Иногда ем (раз в 2 недели и реже)","","Обожаю","Обожаю","Иногда пью (раз в 2 недели и реже)","Иногда пью (раз в 2 недели и реже)","Иногда ем (раз в 2 недели и реже)","Обожаю","Иногда пью (раз в 2 недели и реже)","Обожаю","Иногда ем (раз в 2 недели и реже)","Обожаю","Иногда ем (раз в месяц и реже)","Иногда ем (раз в месяц и реже)","Иногда ем (раз в месяц и реже)","Иногда ем (раз в месяц и реже)","26-33 года","Да и много","Мужчина"
"2017/01/28 8:22:18 ПП GMT+5","Обожаю","","Обожаю","Обожаю","Иногда пью (раз в 2 недели и реже)","Иногда пью (раз в 2 недели и реже)","Обожаю","Иногда пью (раз в 2 недели и реже)","Иногда пью (раз в 2 недели и реже)","Немного умею, но особо этим не занимаюсь","Иногда ем (раз в 2 недели и реже)","Обожаю","Терпеть не могу","Иногда ем (раз в месяц и реже)","","Иногда ем (раз в месяц и реже)","34-45 лет","Нет","Женщина"
"2017/01/28 8:25:34 ПП GMT+5","Иногда ем (раз в 2 недели и реже)","","Иногда ем (раз в 2 недели и реже)","Иногда ем (раз в 2 недели и реже)","Иногда пью (раз в 2 недели и реже)","Иногда пью (раз в 2 недели и реже)","Обожаю","Иногда пью (раз в 2 недели и реже)","Иногда пью (раз в 2 недели и реже)","Обожаю","Иногда ем (раз в 2 недели и реже)","Иногда пью (раз в 2 недели и реже)","Иногда ем (раз в месяц и реже)","Обожаю","Иногда ем (раз в месяц и реже)","Обожаю","26-33 года","Нет","Мужчина"
"2017/01/28 8:27:32 ПП GMT+5","Обожаю","","Иногда ем (раз в 2 недели и реже)","Терпеть не могу","Обожаю","Терпеть не могу","Иногда ем (раз в 2 недели и реже)","Терпеть не могу","Обожаю","Немного умею, но особо этим не занимаюсь","Терпеть не могу","Обожаю","Иногда ем (раз в месяц и реже)","Обожаю","Иногда ем (раз в месяц и реже)","Иногда ем (раз в месяц и реже)","21-25 лет","Нет","Мужчина"
"2017/01/28 8:27:32 ПП GMT+5","Иногда ем (раз в 2 недели и реже)","","Иногда ем (раз в 2 недели и реже)","Иногда ем (раз в 2 недели и реже)","Иногда пью (раз в 2 недели и реже)","Иногда пью (раз в 2 недели и реже)","Иногда ем (раз в 2 недели и реже)","Терпеть не могу","Иногда пью (раз в 2 недели и реже)","Обожаю","Иногда ем (раз в 2 недели и реже)","Иногда пью (раз в 2 недели и реже)","Иногда ем (раз в месяц и реже)","Иногда ем (раз в месяц и реже)","Иногда ем (раз в месяц и реже)","Иногда ем (раз в месяц и реже)","21-25 лет","Нет","Мужчина"
"2017/01/28 8:27:59 ПП GMT+5","Обожаю","","Иногда ем (раз в 2 недели и реже)","Иногда ем (раз в 2 недели и реже)","Иногда пью (раз в 2 недели и реже)","Терпеть не могу","Обожаю","Иногда пью (раз в 2 недели и реже)","Обожаю","Обожаю","Иногда ем (раз в 2 недели и реже)","Обожаю","Терпеть не могу","Иногда ем (раз в месяц и реже)","Иногда ем (раз в месяц и реже)","Обожаю","21-25 лет","Нет","Мужчина"
"2017/01/28 8:28:22 ПП GMT+5","","","","","","","","","","","","","","","","","","",""
"2017/01/28 8:31:03 ПП GMT+5","Терпеть не могу","","Иногда ем (раз в 2 недели и реже)","Иногда ем (раз в 2 недели и реже)","Иногда пью (раз в 2 недели и реже)","Терпеть не могу","Иногда ем (раз в 2 недели и реже)","Терпеть не могу","Иногда пью (раз в 2 недели и реже)","Обожаю","Иногда ем (раз в 2 недели и реже)","Обожаю","Обожаю","Иногда ем (раз в месяц и реже)","Обожаю","Иногда ем (раз в месяц и реже)","26-33 года","Нет","Мужчина"
"2017/01/28 8:32:59 ПП GMT+5","Иногда ем (раз в 2 недели и реже)","","Иногда ем (раз в 2 недели и реже)","Обожаю","Иногда пью (раз в 2 недели и реже)","Иногда пью (раз в 2 недели и реже)","Обожаю","Обожаю","Иногда пью (раз в 2 недели и реже)","Терпеть не могу","Иногда ем (раз в 2 недели и реже)","Обожаю","Иногда ем (раз в месяц и реже)","Иногда ем (раз в месяц и реже)","Терпеть не могу","Иногда ем (раз в месяц и реже)","26-33 года","Нет","Мужчина"
"2017/01/28 8:35:50 ПП GMT+5","Иногда ем (раз в 2 недели и реже)","","Обожаю","Иногда ем (раз в 2 недели и реже)","Иногда пью (раз в 2 недели и реже)","Иногда пью (раз в 2 недели и реже)","Иногда ем (раз в 2 недели и реже)","Иногда пью (раз в 2 недели и реже)","Иногда пью (раз в 2 недели и реже)","Обожаю","Иногда ем (раз в 2 недели и реже)","Иногда пью (раз в 2 недели и реже)","Терпеть не могу","Иногда ем (раз в месяц и реже)","Иногда ем (раз в месяц и реже)","Терпеть не могу","26-33 года","Нет","Мужчина"
"2017/01/28 8:37:25 ПП GMT+5","Терпеть не могу","","Иногда ем (раз в 2 недели и реже)","Иногда ем (раз в 2 недели и реже)","Терпеть не могу","Терпеть не могу","Иногда ем (раз в 2 недели и реже)","Обожаю","Иногда пью (раз в 2 недели и реже)","Обожаю","Иногда ем (раз в 2 недели и реже)","Иногда пью (раз в 2 недели и реже)","Терпеть не могу","Обожаю","Терпеть не могу","Терпеть не могу","21-25 лет","Нет","Мужчина"
"2017/01/28 8:38:47 ПП GMT+5","Обожаю","","Иногда ем (раз в 2 недели и реже)","Обожаю","Терпеть не могу","Терпеть не могу","Иногда ем (раз в 2 недели и реже)","Терпеть не могу","Иногда пью (раз в 2 недели и реже)","Обожаю","Иногда ем (раз в 2 недели и реже)","Обожаю","Терпеть не могу","Терпеть не могу","Иногда ем (раз в месяц и реже)","Терпеть не могу","16-20 лет","Нет","Мужчина"
"2017/01/28 8:39:36 ПП GMT+5","Иногда ем (раз в 2 недели и реже)","","Иногда ем (раз в 2 недели и реже)","Иногда ем (раз в 2 недели и реже)","Терпеть не могу","Терпеть не могу","Иногда ем (раз в 2 недели и реже)","Иногда пью (раз в 2 недели и реже)","Иногда пью (раз в 2 недели и реже)","Обожаю","Иногда ем (раз в 2 недели и реже)","Обожаю","Иногда ем (раз в месяц и реже)","Обожаю","Иногда ем (раз в месяц и реже)","Иногда ем (раз в месяц и реже)","26-33 года","Нет","Женщина"
"2017/01/28 8:39:40 ПП GMT+5","Терпеть не могу","","Обожаю","Иногда ем (раз в 2 недели и реже)","Терпеть не могу","Терпеть не могу","Иногда ем (раз в 2 недели и реже)","Иногда пью (раз в 2 недели и реже)","Терпеть не могу","Немного умею, но особо этим не занимаюсь","Иногда ем (раз в 2 недели и реже)","Обожаю","Иногда ем (раз в месяц и реже)","Иногда ем (раз в месяц и реже)","Обожаю","Обожаю","21-25 лет","Да и много","Мужчина"
"2017/01/28 8:40:40 ПП GMT+5","Иногда ем (раз в 2 недели и реже)","","Иногда ем (раз в 2 недели и реже)","Иногда ем (раз в 2 недели и реже)","Иногда пью (раз в 2 недели и реже)","Терпеть не могу","Иногда ем (раз в 2 недели и реже)","Иногда пью (раз в 2 недели и реже)","Иногда пью (раз в 2 недели и реже)","Обожаю","Иногда ем (раз в 2 недели и реже)","Обожаю","Терпеть не могу","Иногда ем (раз в месяц и реже)","Терпеть не могу","Терпеть не могу","21-25 лет","Да, но всего 1-2","Мужчина"
"2017/01/28 8:46:33 ПП GMT+5","Иногда ем (раз в 2 недели и реже)","","Обожаю","Обожаю","Терпеть не могу","Терпеть не могу","Обожаю","Обожаю","Иногда пью (раз в 2 недели и реже)","Немного умею, но особо этим не занимаюсь","Обожаю","Обожаю","Иногда ем (раз в месяц и реже)","Обожаю","Иногда ем (раз в месяц и реже)","Обожаю","26-33 года","Да, но всего 1-2","Женщина"
"2017/01/28 8:47:22 ПП GMT+5","Иногда ем (раз в 2 недели и реже)","","Иногда ем (раз в 2 недели и реже)","Иногда ем (раз в 2 недели и реже)","Иногда пью (раз в 2 недели и реже)","Иногда пью (раз в 2 недели и реже)","Иногда ем (раз в 2 недели и реже)","Терпеть не могу","Иногда пью (раз в 2 недели и реже)","Немного умею, но особо этим не занимаюсь","Иногда ем (раз в 2 недели и реже)","Иногда пью (раз в 2 недели и реже)","Иногда ем (раз в месяц и реже)","Иногда ем (раз в месяц и реже)","Иногда ем (раз в месяц и реже)","Терпеть не могу","26-33 года","Нет","Женщина"
"2017/01/28 8:49:05 ПП GMT+5","Иногда ем (раз в 2 недели и реже)","","Иногда ем (раз в 2 недели и реже)","Иногда ем (раз в 2 недели и реже)","Иногда пью (раз в 2 недели и реже)","Иногда пью (раз в 2 недели и реже)","Обожаю","Обожаю","Терпеть не могу","Обожаю","Иногда ем (раз в 2 недели и реже)","Обожаю","Обожаю","Обожаю","Иногда ем (раз в месяц и реже)","Иногда ем (раз в месяц и реже)","21-25 лет","Да, но всего 1-2","Женщина"
"2017/01/28 8:49:16 ПП GMT+5","Иногда ем (раз в 2 недели и реже)","","Иногда ем (раз в 2 недели и реже)","Иногда ем (раз в 2 недели и реже)","Терпеть не могу","Иногда пью (раз в 2 недели и реже)","Иногда ем (раз в 2 недели и реже)","Терпеть не могу","Обожаю","Обожаю","Иногда ем (раз в 2 недели и реже)","Обожаю","Терпеть не могу","Терпеть не могу","Иногда ем (раз в месяц и реже)","Терпеть не могу","21-25 лет","Нет","Мужчина"
"2017/01/28 8:49:50 ПП GMT+5","Иногда ем (раз в 2 недели и реже)","","Иногда ем (раз в 2 недели и реже)","Иногда ем (раз в 2 недели и реже)","Терпеть не могу","Терпеть не могу","Иногда ем (раз в 2 недели и реже)","Терпеть не могу","Иногда пью (раз в 2 недели и реже)","Обожаю","Иногда ем (раз в 2 недели и реже)","Обожаю","Обожаю","Обожаю","Иногда ем (раз в месяц и реже)","Обожаю","26-33 года","Нет","Женщина"
"2017/01/28 8:52:50 ПП GMT+5","Иногда ем (раз в 2 недели и реже)","","Обожаю","Обожаю","Иногда пью (раз в 2 недели и реже)","Терпеть не могу","Терпеть не могу","Терпеть не могу","Обожаю","Обожаю","Обожаю","Терпеть не могу","Обожаю","Обожаю","Обожаю","Обожаю","21-25 лет","Нет","Женщина"
"2017/01/28 8:55:40 ПП GMT+5","Терпеть не могу","","Иногда ем (раз в 2 недели и реже)","Иногда ем (раз в 2 недели и реже)","Терпеть не могу","Терпеть не могу","Терпеть не могу","Обожаю","Обожаю","Немного умею, но особо этим не занимаюсь","Терпеть не могу","Обожаю","Обожаю","Обожаю","Иногда ем (раз в месяц и реже)","Иногда ем (раз в месяц и реже)","26-33 года","Да и много","Женщина"
"2017/01/28 8:56:18 ПП GMT+5","Обожаю","","Иногда ем (раз в 2 недели и реже)","Обожаю","Иногда пью (раз в 2 недели и реже)","Терпеть не могу","Обожаю","Терпеть не могу","Иногда пью (раз в 2 недели и реже)","Обожаю","Терпеть не могу","Обожаю","Терпеть не могу","Иногда ем (раз в месяц и реже)","Иногда ем (раз в месяц и реже)","Терпеть не могу","26-33 года","Нет","Мужчина"
"2017/01/28 8:58:51 ПП GMT+5","Иногда ем (раз в 2 недели и реже)","","Обожаю","Обожаю","Иногда пью (раз в 2 недели и реже)","Терпеть не могу","Обожаю","Обожаю","Иногда пью (раз в 2 недели и реже)","Терпеть не могу","Обожаю","Терпеть не могу","Иногда ем (раз в месяц и реже)","Обожаю","Терпеть не могу","Обожаю","26-33 года","Нет","Женщина"
"2017/01/28 8:59:11 ПП GMT+5","Обожаю","","Иногда ем (раз в 2 недели и реже)","Иногда ем (раз в 2 недели и реже)","Обожаю","Терпеть не могу","Иногда ем (раз в 2 недели и реже)","Терпеть не могу","Иногда пью (раз в 2 недели и реже)","Обожаю","Иногда ем (раз в 2 недели и реже)","Иногда пью (раз в 2 недели и реже)","Терпеть не могу","Обожаю","Обожаю","Иногда ем (раз в месяц и реже)","21-25 лет","Нет","Мужчина"
"2017/01/28 8:59:50 ПП GMT+5","Иногда ем (раз в 2 недели и реже)","","Иногда ем (раз в 2 недели и реже)","Иногда ем (раз в 2 недели и реже)","Иногда пью (раз в 2 недели и реже)","Терпеть не могу","Иногда ем (раз в 2 недели и реже)","Иногда пью (раз в 2 недели и реже)","Обожаю","Обожаю","Иногда ем (раз в 2 недели и реже)","Иногда пью (раз в 2 недели и реже)","Иногда ем (раз в месяц и реже)","Обожаю","Терпеть не могу","Иногда ем (раз в месяц и реже)","34-45 лет","Нет","Мужчина"
"2017/01/28 9:00:33 ПП GMT+5","Терпеть не могу","","Обожаю","Обожаю","Терпеть не могу","Терпеть не могу","Обожаю","Иногда пью (раз в 2 недели и реже)","Иногда пью (раз в 2 недели и реже)","Немного умею, но особо этим не занимаюсь","Иногда ем (раз в 2 недели и реже)","Иногда пью (раз в 2 недели и реже)","Терпеть не могу","Иногда ем (раз в месяц и реже)","Обожаю","Терпеть не могу","16-20 лет","Да, но всего 1-2","Женщина"
"2017/01/28 9:01:12 ПП GMT+5","Обожаю","","Иногда ем (раз в 2 недели и реже)","Обожаю","","","Обожаю","Иногда пью (раз в 2 недели и реже)","Иногда пью (раз в 2 недели и реже)","Немного умею, но особо этим не занимаюсь","","Терпеть не могу","Иногда ем (раз в месяц и реже)","Обожаю","Обожаю","","16-20 лет","Нет","Мужчина"
"2017/01/28 9:02:22 ПП GMT+5","Обожаю","","Обожаю","Обожаю","Терпеть не могу","Терпеть не могу","Обожаю","Иногда пью (раз в 2 недели и реже)","Иногда пью (раз в 2 недели и реже)","Обожаю","Обожаю","Терпеть не могу","Терпеть не могу","Обожаю","Иногда ем (раз в месяц и реже)","Иногда ем (раз в месяц и реже)","16-20 лет","Нет","Мужчина"
"2017/01/28 9:02:44 ПП GMT+5","Обожаю","","Обожаю","Иногда ем (раз в 2 недели и реже)","Иногда пью (раз в 2 недели и реже)","Терпеть не могу","Иногда ем (раз в 2 недели и реже)","Терпеть не могу","Иногда пью (раз в 2 недели и реже)","Обожаю","Иногда ем (раз в 2 недели и реже)","Иногда пью (раз в 2 недели и реже)","Терпеть не могу","Иногда ем (раз в месяц и реже)","Терпеть не могу","Терпеть не могу","16-20 лет","Нет","Мужчина"
"2017/01/28 9:04:27 ПП GMT+5","Иногда ем (раз в 2 недели и реже)","Иногда ем (раз в месяц или реже)","Обожаю","Обожаю","Иногда пью (раз в 2 недели и реже)","Терпеть не могу","Иногда ем (раз в 2 недели и реже)","Терпеть не могу","Иногда пью (раз в 2 недели и реже)","Обожаю","Терпеть не могу","Обожаю","Иногда ем (раз в месяц и реже)","Обожаю","Иногда ем (раз в месяц и реже)","Обожаю","21-25 лет","Нет","Мужчина"
"2017/01/28 9:06:04 ПП GMT+5","Терпеть не могу","Иногда ем (раз в месяц или реже)","Иногда ем (раз в 2 недели и реже)","Иногда ем (раз в 2 недели и реже)","Иногда пью (раз в 2 недели и реже)","Терпеть не могу","Терпеть не могу","Иногда пью (раз в 2 недели и реже)","Иногда пью (раз в 2 недели и реже)","Немного умею, но особо этим не занимаюсь","Иногда ем (раз в 2 недели и реже)","Обожаю","Терпеть не могу","Иногда ем (раз в месяц и реже)","Иногда ем (раз в месяц и реже)","Иногда ем (раз в месяц и реже)","26-33 года","Нет","Мужчина"
"2017/01/28 9:08:07 ПП GMT+5","Иногда ем (раз в 2 недели и реже)","Обожаю","Иногда ем (раз в 2 недели и реже)","Иногда ем (раз в 2 недели и реже)","Иногда пью (раз в 2 недели и реже)","Иногда пью (раз в 2 недели и реже)","Иногда ем (раз в 2 недели и реже)","Иногда пью (раз в 2 недели и реже)","Иногда пью (раз в 2 недели и реже)","Немного умею, но особо этим не занимаюсь","Иногда ем (раз в 2 недели и реже)","Иногда пью (раз в 2 недели и реже)","Иногда ем (раз в месяц и реже)","Иногда ем (раз в месяц и реже)","Иногда ем (раз в месяц и реже)","Иногда ем (раз в месяц и реже)","21-25 лет","Нет","Мужчина"
"2017/01/28 9:09:38 ПП GMT+5","Иногда ем (раз в 2 недели и реже)","Обожаю","Иногда ем (раз в 2 недели и реже)","Иногда ем (раз в 2 недели и реже)","Иногда пью (раз в 2 недели и реже)","Иногда пью (раз в 2 недели и реже)","Обожаю","Обожаю","Иногда пью (раз в 2 недели и реже)","Обожаю","Иногда ем (раз в 2 недели и реже)","Обожаю","Обожаю","Иногда ем (раз в месяц и реже)","Иногда ем (раз в месяц и реже)","Иногда ем (раз в месяц и реже)","21-25 лет","Да, но всего 1-2","Женщина"
"2017/01/28 9:11:02 ПП GMT+5","Иногда ем (раз в 2 недели и реже)","Иногда ем (раз в месяц или реже)","Обожаю","Иногда ем (раз в 2 недели и реже)","Терпеть не могу","Терпеть не могу","Иногда ем (раз в 2 недели и реже)","Терпеть не могу","Обожаю","Обожаю","Иногда ем (раз в 2 недели и реже)","Обожаю","Иногда ем (раз в месяц и реже)","Иногда ем (раз в месяц и реже)","Иногда ем (раз в месяц и реже)","Иногда ем (раз в месяц и реже)","16-20 лет","Да, но всего 1-2","Мужчина"
"2017/01/28 9:11:48 ПП GMT+5","Обожаю","Иногда ем (раз в месяц или реже)","Обожаю","Иногда ем (раз в 2 недели и реже)","Иногда пью (раз в 2 недели и реже)","Терпеть не могу","Обожаю","Иногда пью (раз в 2 недели и реже)","Обожаю","Обожаю","Иногда ем (раз в 2 недели и реже)","Иногда пью (раз в 2 недели и реже)","Терпеть не могу","Иногда ем (раз в месяц и реже)","Обожаю","Иногда ем (раз в месяц и реже)","21-25 лет","Нет","Мужчина"
"2017/01/28 9:13:40 ПП GMT+5","Обожаю","Иногда ем (раз в месяц или реже)","Обожаю","Обожаю","Терпеть не могу","Терпеть не могу","Обожаю","Терпеть не могу","Иногда пью (раз в 2 недели и реже)","Обожаю","Иногда ем (раз в 2 недели и реже)","Обожаю","Иногда ем (раз в месяц и реже)","Терпеть не могу","Иногда ем (раз в месяц и реже)","Иногда ем (раз в месяц и реже)","21-25 лет","Да, но всего 1-2","Мужчина"
"2017/01/28 9:14:44 ПП GMT+5","Иногда ем (раз в 2 недели и реже)","Обожаю","Обожаю","Обожаю","Терпеть не могу","Иногда пью (раз в 2 недели и реже)","Иногда ем (раз в 2 недели и реже)","Терпеть не могу","Иногда пью (раз в 2 недели и реже)","Немного умею, но особо этим не занимаюсь","Иногда ем (раз в 2 недели и реже)","Иногда пью (раз в 2 недели и реже)","Терпеть не могу","Иногда ем (раз в месяц и реже)","Иногда ем (раз в месяц и реже)","Иногда ем (раз в месяц и реже)","21-25 лет","Да, но всего 1-2","Женщина"
"2017/01/28 9:25:21 ПП GMT+5","Обожаю","Иногда ем (раз в месяц или реже)","Обожаю","Обожаю","Обожаю","Терпеть не могу","Терпеть не могу","Терпеть не могу","Иногда пью (раз в 2 недели и реже)","Немного умею, но особо этим не занимаюсь","Иногда ем (раз в 2 недели и реже)","Терпеть не могу","Терпеть не могу","Иногда ем (раз в месяц и реже)","Обожаю","Терпеть не могу","21-25 лет","Да, но всего 1-2","Женщина"
"2017/01/28 9:33:01 ПП GMT+5","Иногда ем (раз в 2 недели и реже)","Иногда ем (раз в месяц или реже)","Иногда ем (раз в 2 недели и реже)","Иногда ем (раз в 2 недели и реже)","Иногда пью (раз в 2 недели и реже)","Обожаю","Иногда ем (раз в 2 недели и реже)","Иногда пью (раз в 2 недели и реже)","Обожаю","Немного умею, но особо этим не занимаюсь","Иногда ем (раз в 2 недели и реже)","Обожаю","Иногда ем (раз в месяц и реже)","Иногда ем (раз в месяц и реже)","Иногда ем (раз в месяц и реже)","Обожаю","34-45 лет","Нет","Мужчина"
"2017/01/28 9:38:49 ПП GMT+5","Обожаю","Обожаю","Обожаю","Обожаю","Обожаю","Иногда пью (раз в 2 недели и реже)","Обожаю","Терпеть не могу","Иногда пью (раз в 2 недели и реже)","Обожаю","Иногда ем (раз в 2 недели и реже)","Обожаю","Терпеть не могу","Иногда ем (раз в месяц и реже)","Иногда ем (раз в месяц и реже)","Обожаю","21-25 лет","Да, но всего 1-2","Мужчина"
"2017/01/28 9:39:07 ПП GMT+5","Иногда ем (раз в 2 недели и реже)","Иногда ем (раз в месяц или реже)","Иногда ем (раз в 2 недели и реже)","Иногда ем (раз в 2 недели и реже)","Иногда пью (раз в 2 недели и реже)","Иногда пью (раз в 2 недели и реже)","Терпеть не могу","Иногда пью (раз в 2 недели и реже)","Иногда пью (раз в 2 недели и реже)","Обожаю","Обожаю","Обожаю","Иногда ем (раз в месяц и реже)","Иногда ем (раз в месяц и реже)","Иногда ем (раз в месяц и реже)","Терпеть не могу","21-25 лет","Да, но всего 1-2","Мужчина"
"2017/01/28 9:41:24 ПП GMT+5","Иногда ем (раз в 2 недели и реже)","Иногда ем (раз в месяц или реже)","Обожаю","Иногда ем (раз в 2 недели и реже)","Терпеть не могу","Иногда пью (раз в 2 недели и реже)","Обожаю","Терпеть не могу","Обожаю","Немного умею, но особо этим не занимаюсь","Иногда ем (раз в 2 недели и реже)","Обожаю","Терпеть не могу","Терпеть не могу","Иногда ем (раз в месяц и реже)","Терпеть не могу","21-25 лет","Нет","Мужчина"
"2017/01/28 9:42:51 ПП GMT+5","Терпеть не могу","Терпеть не могу","Иногда ем (раз в 2 недели и реже)","Обожаю","Терпеть не могу","Иногда пью (раз в 2 недели и реже)","Иногда ем (раз в 2 недели и реже)","Иногда пью (раз в 2 недели и реже)","Обожаю","Обожаю","Терпеть не могу","Терпеть не могу","Обожаю","Обожаю","Обожаю","Терпеть не могу","26-33 года","Нет","Мужчина"
"2017/01/28 9:43:59 ПП GMT+5","","","","","Обожаю","","","","","","","","","","","","","",""
"2017/01/28 9:48:08 ПП GMT+5","Обожаю","Иногда ем (раз в месяц или реже)","Иногда ем (раз в 2 недели и реже)","Иногда ем (раз в 2 недели и реже)","Иногда пью (раз в 2 недели и реже)","Иногда пью (раз в 2 недели и реже)","Иногда ем (раз в 2 недели и реже)","Терпеть не могу","Обожаю","Обожаю","Обожаю","Терпеть не могу","Терпеть не могу","Иногда ем (раз в месяц и реже)","Терпеть не могу","Терпеть не могу","16-20 лет","Нет","Мужчина"
"2017/01/28 9:51:47 ПП GMT+5","Обожаю","Иногда ем (раз в месяц или реже)","Обожаю","Обожаю","Обожаю","Иногда пью (раз в 2 недели и реже)","Обожаю","Иногда пью (раз в 2 недели и реже)","Иногда пью (раз в 2 недели и реже)","Немного умею, но особо этим не занимаюсь","Иногда ем (раз в 2 недели и реже)","Обожаю","Иногда ем (раз в месяц и реже)","Иногда ем (раз в месяц и реже)","Обожаю","Обожаю","26-33 года","Нет","Мужчина"
"2017/01/28 9:58:32 ПП GMT+5","","","","","","","","","","","","","","","","","","",""
"2017/01/28 10:10:29 ПП GMT+5","Терпеть не могу","Иногда ем (раз в месяц или реже)","Иногда ем (раз в 2 недели и реже)","Иногда ем (раз в 2 недели и реже)","Терпеть не могу","Терпеть не могу","Иногда ем (раз в 2 недели и реже)","Терпеть не могу","Иногда пью (раз в 2 недели и реже)","Обожаю","Обожаю","Обожаю","Терпеть не могу","Обожаю","Иногда ем (раз в месяц и реже)","Терпеть не могу","21-25 лет","Нет","Женщина"
"2017/01/28 10:11:25 ПП GMT+5","Иногда ем (раз в 2 недели и реже)","Иногда ем (раз в месяц или реже)","Обожаю","Обожаю","Обожаю","Терпеть не могу","Иногда ем (раз в 2 недели и реже)","Терпеть не могу","Иногда пью (раз в 2 недели и реже)","Немного умею, но особо этим не занимаюсь","Терпеть не могу","Обожаю","Иногда ем (раз в месяц и реже)","Обожаю","Иногда ем (раз в месяц и реже)","Обожаю","26-33 года","Нет","Мужчина"
"2017/01/28 10:11:32 ПП GMT+5","Иногда ем (раз в 2 недели и реже)","Иногда ем (раз в месяц или реже)","Обожаю","Иногда ем (раз в 2 недели и реже)","Обожаю","Иногда пью (раз в 2 недели и реже)","Обожаю","Терпеть не могу","Иногда пью (раз в 2 недели и реже)","Обожаю","Иногда ем (раз в 2 недели и реже)","Иногда пью (раз в 2 недели и реже)","Иногда ем (раз в месяц и реже)","Иногда ем (раз в месяц и реже)","Иногда ем (раз в месяц и реже)","Терпеть не могу","21-25 лет","Нет","Мужчина"
"2017/01/28 10:12:13 ПП GMT+5","Терпеть не могу","Иногда ем (раз в месяц или реже)","Обожаю","Иногда ем (раз в 2 недели и реже)","Обожаю","Терпеть не могу","Иногда ем (раз в 2 недели и реже)","Терпеть не могу","Иногда пью (раз в 2 недели и реже)","Немного умею, но особо этим не занимаюсь","Иногда ем (раз в 2 недели и реже)","Обожаю","Иногда ем (раз в месяц и реже)","Иногда ем (раз в месяц и реже)","Иногда ем (раз в месяц и реже)","Обожаю","26-33 года","Нет","Женщина"
"2017/01/28 10:48:35 ПП GMT+5","Иногда ем (раз в 2 недели и реже)","Иногда ем (раз в месяц или реже)","Иногда ем (раз в 2 недели и реже)","Иногда ем (раз в 2 недели и реже)","Иногда пью (раз в 2 недели и реже)","Терпеть не могу","Иногда ем (раз в 2 недели и реже)","Иногда пью (раз в 2 недели и реже)","Иногда пью (раз в 2 недели и реже)","Обожаю","Иногда ем (раз в 2 недели и реже)","Иногда пью (раз в 2 недели и реже)","Терпеть не могу","Иногда ем (раз в месяц и реже)","Обожаю","Терпеть не могу","26-33 года","Да, но всего 1-2","Мужчина"
"2017/01/28 10:57:39 ПП GMT+5","Обожаю","Иногда ем (раз в месяц или реже)","Обожаю","Иногда ем (раз в 2 недели и реже)","Обожаю","Терпеть не могу","Терпеть не могу","Обожаю","Иногда пью (раз в 2 недели и реже)","Немного умею, но особо этим не занимаюсь","Обожаю","Иногда пью (раз в 2 недели и реже)","Терпеть не могу","Терпеть не могу","Обожаю","Обожаю","26-33 года","Да, но всего 1-2","Женщина"
"2017/01/28 11:03:11 ПП GMT+5","Терпеть не могу","Терпеть не могу","Иногда ем (раз в 2 недели и реже)","Иногда ем (раз в 2 недели и реже)","Обожаю","Иногда пью (раз в 2 недели и реже)","Обожаю","Обожаю","Обожаю","Немного умею, но особо этим не занимаюсь","Иногда ем (раз в 2 недели и реже)","Обожаю","Иногда ем (раз в месяц и реже)","Терпеть не могу","Обожаю","Обожаю","21-25 лет","Нет","Мужчина"
"2017/01/28 11:04:41 ПП GMT+5","Терпеть не могу","Иногда ем (раз в месяц или реже)","Терпеть не могу","Иногда ем (раз в 2 недели и реже)","Иногда пью (раз в 2 недели и реже)","Иногда пью (раз в 2 недели и реже)","Терпеть не могу","Обожаю","Обожаю","Терпеть не могу","Иногда ем (раз в 2 недели и реже)","Терпеть не могу","Иногда ем (раз в месяц и реже)","Иногда ем (раз в месяц и реже)","Терпеть не могу","Терпеть не могу","21-25 лет","Нет","Женщина"
"2017/01/28 11:15:32 ПП GMT+5","Иногда ем (раз в 2 недели и реже)","Терпеть не могу","Обожаю","Обожаю","Терпеть не могу","Терпеть не могу","Обожаю","Терпеть не могу","Иногда пью (раз в 2 недели и реже)","","Иногда ем (раз в 2 недели и реже)","Обожаю","","Иногда ем (раз в месяц и реже)","Обожаю","","21-25 лет","Да, но всего 1-2","Женщина"
"2017/01/28 11:16:24 ПП GMT+5","","","","","","","","","","","","","","","","","","",""
"2017/01/28 11:16:55 ПП GMT+5","Обожаю","Терпеть не могу","Обожаю","Обожаю","Обожаю","Терпеть не могу","Обожаю","Иногда пью (раз в 2 недели и реже)","Обожаю","Немного умею, но особо этим не занимаюсь","Обожаю","Обожаю","Терпеть не могу","Иногда ем (раз в месяц и реже)","Иногда ем (раз в месяц и реже)","Терпеть не могу","16-20 лет","Нет","Мужчина"
"2017/01/28 11:21:45 ПП GMT+5","Обожаю","Иногда ем (раз в месяц или реже)","Обожаю","Иногда ем (раз в 2 недели и реже)","Иногда пью (раз в 2 недели и реже)","Терпеть не могу","Обожаю","Иногда пью (раз в 2 недели и реже)","Обожаю","Обожаю","Иногда ем (раз в 2 недели и реже)","Обожаю","Терпеть не могу","Иногда ем (раз в месяц и реже)","Иногда ем (раз в месяц и реже)","Иногда ем (раз в месяц и реже)","21-25 лет","Нет","Мужчина"
"2017/01/28 11:28:54 ПП GMT+5","Обожаю","Иногда ем (раз в месяц или реже)","Терпеть не могу","Иногда ем (раз в 2 недели и реже)","Иногда пью (раз в 2 недели и реже)","Иногда пью (раз в 2 недели и реже)","Обожаю","Иногда пью (раз в 2 недели и реже)","Иногда пью (раз в 2 недели и реже)","Обожаю","Обожаю","Иногда пью (раз в 2 недели и реже)","Терпеть не могу","Иногда ем (раз в месяц и реже)","Обожаю","Иногда ем (раз в месяц и реже)","21-25 лет","Да, но всего 1-2","Мужчина"
"2017/01/28 11:29:17 ПП GMT+5","Обожаю","Терпеть не могу","Иногда ем (раз в 2 недели и реже)","Иногда ем (раз в 2 недели и реже)","Иногда пью (раз в 2 недели и реже)","Терпеть не могу","Иногда ем (раз в 2 недели и реже)","Терпеть не могу","Обожаю","Терпеть не могу","Иногда ем (раз в 2 недели и реже)","Обожаю","Иногда ем (раз в месяц и реже)","Иногда ем (раз в месяц и реже)","Терпеть не могу","Терпеть не могу","26-33 года","Нет","Женщина"
"2017/01/28 11:51:45 ПП GMT+5","Иногда ем (раз в 2 недели и реже)","Иногда ем (раз в месяц или реже)","Терпеть не могу","Иногда ем (раз в 2 недели и реже)","Иногда пью (раз в 2 недели и реже)","Терпеть не могу","Иногда ем (раз в 2 недели и реже)","Обожаю","Обожаю","Терпеть не могу","Обожаю","Терпеть не могу","Терпеть не могу","Иногда ем (раз в месяц и реже)","Обожаю","Обожаю","16-20 лет","Нет","Женщина"
"2017/01/28 11:54:10 ПП GMT+5","Иногда ем (раз в 2 недели и реже)","Терпеть не могу","Обожаю","Обожаю","Иногда пью (раз в 2 недели и реже)","Терпеть не могу","Обожаю","Терпеть не могу","Обожаю","Немного умею, но особо этим не занимаюсь","Иногда ем (раз в 2 недели и реже)","Обожаю","Терпеть не могу","Иногда ем (раз в месяц и реже)","Иногда ем (раз в месяц и реже)","Терпеть не могу","21-25 лет","Нет","Мужчина"
"2017/01/29 12:01:50 ДП GMT+5","Обожаю","Иногда ем (раз в месяц или реже)","Иногда ем (раз в 2 недели и реже)","Обожаю","Терпеть не могу","Иногда пью (раз в 2 недели и реже)","Обожаю","Иногда пью (раз в 2 недели и реже)","Иногда пью (раз в 2 недели и реже)","Немного умею, но особо этим не занимаюсь","Терпеть не могу","Иногда пью (раз в 2 недели и реже)","Терпеть не могу","Иногда ем (раз в месяц и реже)","Обожаю","Терпеть не могу","21-25 лет","Нет","Мужчина"
"2017/01/29 12:06:10 ДП GMT+5","Иногда ем (раз в 2 недели и реже)","Иногда ем (раз в месяц или реже)","Обожаю","Иногда ем (раз в 2 недели и реже)","Терпеть не могу","Терпеть не могу","Обожаю","Терпеть не могу","Иногда пью (раз в 2 недели и реже)","Немного умею, но особо этим не занимаюсь","Иногда ем (раз в 2 недели и реже)","Иногда пью (раз в 2 недели и реже)","Терпеть не могу","Иногда ем (раз в месяц и реже)","Иногда ем (раз в месяц и реже)","Терпеть не могу","26-33 года","Да, но всего 1-2","Мужчина"
"2017/01/29 12:17:51 ДП GMT+5","Терпеть не могу","Иногда ем (раз в месяц или реже)","Обожаю","Иногда ем (раз в 2 недели и реже)","Иногда пью (раз в 2 недели и реже)","Иногда пью (раз в 2 недели и реже)","Иногда ем (раз в 2 недели и реже)","Иногда пью (раз в 2 недели и реже)","Иногда пью (раз в 2 недели и реже)","Обожаю","Иногда ем (раз в 2 недели и реже)","Обожаю","Обожаю","Терпеть не могу","Обожаю","Иногда ем (раз в месяц и реже)","21-25 лет","Нет","Мужчина"
"2017/01/29 12:31:51 ДП GMT+5","Терпеть не могу","Иногда ем (раз в месяц или реже)","Терпеть не могу","Иногда ем (раз в 2 недели и реже)","Иногда пью (раз в 2 недели и реже)","Терпеть не могу","Терпеть не могу","Иногда пью (раз в 2 недели и реже)","Обожаю","Немного умею, но особо этим не занимаюсь","Иногда ем (раз в 2 недели и реже)","Обожаю","Терпеть не могу","Обожаю","Обожаю","Иногда ем (раз в месяц и реже)","21-25 лет","Да, но всего 1-2","Женщина"
"2017/01/29 12:40:17 ДП GMT+5","Терпеть не могу","Обожаю","Иногда ем (раз в 2 недели и реже)","Иногда ем (раз в 2 недели и реже)","Терпеть не могу","Терпеть не могу","Иногда ем (раз в 2 недели и реже)","Терпеть не могу","Терпеть не могу","Немного умею, но особо этим не занимаюсь","Иногда ем (раз в 2 недели и реже)","Обожаю","Иногда ем (раз в месяц и реже)","Иногда ем (раз в месяц и реже)","Обожаю","Терпеть не могу","21-25 лет","Да и много","Женщина"
"2017/01/29 12:40:24 ДП GMT+5","Обожаю","Обожаю","Иногда ем (раз в 2 недели и реже)","Обожаю","Терпеть не могу","Терпеть не могу","Иногда ем (раз в 2 недели и реже)","Иногда пью (раз в 2 недели и реже)","Иногда пью (раз в 2 недели и реже)","Обожаю","Обожаю","Иногда пью (раз в 2 недели и реже)","Терпеть не могу","Обожаю","Терпеть не могу","Обожаю","21-25 лет","Нет","Женщина"
"2017/01/29 12:53:43 ДП GMT+5","Иногда ем (раз в 2 недели и реже)","Обожаю","Обожаю","Обожаю","Обожаю","Терпеть не могу","Обожаю","Иногда пью (раз в 2 недели и реже)","Иногда пью (раз в 2 недели и реже)","Немного умею, но особо этим не занимаюсь","Иногда ем (раз в 2 недели и реже)","Обожаю","Иногда ем (раз в месяц и реже)","Обожаю","Иногда ем (раз в месяц и реже)","Обожаю","21-25 лет","Нет","Мужчина"
"2017/01/29 1:07:19 ДП GMT+5","Иногда ем (раз в 2 недели и реже)","Иногда ем (раз в месяц или реже)","Обожаю","Иногда ем (раз в 2 недели и реже)","Иногда пью (раз в 2 недели и реже)","Терпеть не могу","Обожаю","Терпеть не могу","Иногда пью (раз в 2 недели и реже)","Обожаю","Обожаю","Иногда пью (раз в 2 недели и реже)","Терпеть не могу","Обожаю","Иногда ем (раз в месяц и реже)","Обожаю","21-25 лет","Нет","Мужчина"
"2017/01/29 1:24:54 ДП GMT+5","Иногда ем (раз в 2 недели и реже)","Иногда ем (раз в месяц или реже)","Иногда ем (раз в 2 недели и реже)","Терпеть не могу","Терпеть не могу","Терпеть не могу","Обожаю","Иногда пью (раз в 2 недели и реже)","Терпеть не могу","Обожаю","Терпеть не могу","Обожаю","Иногда ем (раз в месяц и реже)","Иногда ем (раз в месяц и реже)","Терпеть не могу","Обожаю","21-25 лет","Нет","Женщина"
"2017/01/29 1:28:33 ДП GMT+5","Обожаю","Обожаю","Обожаю","Иногда ем (раз в 2 недели и реже)","Иногда пью (раз в 2 недели и реже)","Терпеть не могу","Обожаю","Иногда пью (раз в 2 недели и реже)","Иногда пью (раз в 2 недели и реже)","Обожаю","Иногда ем (раз в 2 недели и реже)","Иногда пью (раз в 2 недели и реже)","Иногда ем (раз в месяц и реже)","Терпеть не могу","Иногда ем (раз в месяц и реже)","Иногда ем (раз в месяц и реже)","26-33 года","Да, но всего 1-2","Мужчина"
"2017/01/29 1:28:50 ДП GMT+5","Иногда ем (раз в 2 недели и реже)","Обожаю","Иногда ем (раз в 2 недели и реже)","Обожаю","Терпеть не могу","Терпеть не могу","Иногда ем (раз в 2 недели и реже)","Терпеть не могу","Иногда пью (раз в 2 недели и реже)","Терпеть не могу","Иногда ем (раз в 2 недели и реже)","Обожаю","Терпеть не могу","Обожаю","Иногда ем (раз в месяц и реже)","Терпеть не могу","21-25 лет","Нет","Женщина"
"2017/01/29 1:29:25 ДП GMT+5","Иногда ем (раз в 2 недели и реже)","Иногда ем (раз в месяц или реже)","Иногда ем (раз в 2 недели и реже)","Иногда ем (раз в 2 недели и реже)","Терпеть не могу","Терпеть не могу","Иногда ем (раз в 2 недели и реже)","Терпеть не могу","Иногда пью (раз в 2 недели и реже)","Немного умею, но особо этим не занимаюсь","Обожаю","Обожаю","Иногда ем (раз в месяц и реже)","Обожаю","Обожаю","Иногда ем (раз в месяц и реже)","21-25 лет","Да, но всего 1-2","Женщина"
"2017/01/29 1:30:46 ДП GMT+5","Иногда ем (раз в 2 недели и реже)","Обожаю","Обожаю","Обожаю","Иногда пью (раз в 2 недели и реже)","Терпеть не могу","Обожаю","Обожаю","Иногда пью (раз в 2 недели и реже)","Терпеть не могу","Обожаю","Обожаю","Иногда ем (раз в месяц и реже)","Иногда ем (раз в месяц и реже)","Иногда ем (раз в месяц и реже)","Обожаю","26-33 года","Да, но всего 1-2","Женщина"
"2017/01/29 1:32:45 ДП GMT+5","Терпеть не могу","Терпеть не могу","Обожаю","Терпеть не могу","Иногда пью (раз в 2 недели и реже)","Иногда пью (раз в 2 недели и реже)","Обожаю","Терпеть не могу","Иногда пью (раз в 2 недели и реже)","Обожаю","Обожаю","Обожаю","Терпеть не могу","Терпеть не могу","Обожаю","Терпеть не могу","21-25 лет","Нет","Мужчина"
"2017/01/29 1:32:49 ДП GMT+5","Иногда ем (раз в 2 недели и реже)","Иногда ем (раз в месяц или реже)","Обожаю","Иногда ем (раз в 2 недели и реже)","Иногда пью (раз в 2 недели и реже)","Терпеть не могу","Обожаю","Терпеть не могу","Иногда пью (раз в 2 недели и реже)","Немного умею, но особо этим не занимаюсь","Иногда ем (раз в 2 недели и реже)","Иногда пью (раз в 2 недели и реже)","Терпеть не могу","Иногда ем (раз в месяц и реже)","Иногда ем (раз в месяц и реже)","Терпеть не могу","21-25 лет","Нет","Мужчина"
"2017/01/29 1:34:49 ДП GMT+5","Терпеть не могу","Обожаю","Обожаю","Обожаю","Терпеть не могу","Терпеть не могу","Обожаю","Обожаю","Иногда пью (раз в 2 недели и реже)","Обожаю","Иногда ем (раз в 2 недели и реже)","Терпеть не могу","Иногда ем (раз в месяц и реже)","Иногда ем (раз в месяц и реже)","Иногда ем (раз в месяц и реже)","Обожаю","26-33 года","Нет","Мужчина"
"2017/01/29 1:36:56 ДП GMT+5","Иногда ем (раз в 2 недели и реже)","Иногда ем (раз в месяц или реже)","Иногда ем (раз в 2 недели и реже)","Обожаю","Терпеть не могу","Терпеть не могу","Обожаю","Терпеть не могу","Иногда пью (раз в 2 недели и реже)","Терпеть не могу","Терпеть не могу","Иногда пью (раз в 2 недели и реже)","Обожаю","Обожаю","Обожаю","Обожаю","21-25 лет","Да, но всего 1-2","Женщина"
"2017/01/29 1:39:29 ДП GMT+5","Обожаю","Обожаю","Обожаю","Обожаю","Иногда пью (раз в 2 недели и реже)","Терпеть не могу","Обожаю","Терпеть не могу","Обожаю","Обожаю","Иногда ем (раз в 2 недели и реже)","Обожаю","Терпеть не могу","Обожаю","Иногда ем (раз в месяц и реже)","Иногда ем (раз в месяц и реже)","21-25 лет","Да, но всего 1-2","Мужчина"
"2017/01/29 1:49:32 ДП GMT+5","Терпеть не могу","Иногда ем (раз в месяц или реже)","Терпеть не могу","Обожаю","Терпеть не могу","Терпеть не могу","Обожаю","Терпеть не могу","Иногда пью (раз в 2 недели и реже)","Терпеть не могу","Терпеть не могу","Обожаю","Терпеть не могу","Иногда ем (раз в месяц и реже)","Обожаю","Обожаю","26-33 года","Да, но всего 1-2","Женщина"
"2017/01/29 2:04:46 ДП GMT+5","Обожаю","Иногда ем (раз в месяц или реже)","Обожаю","Обожаю","Обожаю","Иногда пью (раз в 2 недели и реже)","Обожаю","Терпеть не могу","Иногда пью (раз в 2 недели и реже)","Обожаю","Иногда ем (раз в 2 недели и реже)","Обожаю","Терпеть не могу","Обожаю","Иногда ем (раз в месяц и реже)","Терпеть не могу","21-25 лет","Нет","Мужчина"
"2017/01/29 2:09:50 ДП GMT+5","Обожаю","Обожаю","Обожаю","Иногда ем (раз в 2 недели и реже)","Обожаю","Терпеть не могу","Обожаю","Терпеть не могу","Иногда пью (раз в 2 недели и реже)","Обожаю","Иногда ем (раз в 2 недели и реже)","Обожаю","Иногда ем (раз в месяц и реже)","Обожаю","Иногда ем (раз в месяц и реже)","Иногда ем (раз в месяц и реже)","26-33 года","Нет","Мужчина"
"2017/01/29 2:10:42 ДП GMT+5","Иногда ем (раз в 2 недели и реже)","Терпеть не могу","Иногда ем (раз в 2 недели и реже)","Иногда ем (раз в 2 недели и реже)","Иногда пью (раз в 2 недели и реже)","Терпеть не могу","Иногда ем (раз в 2 недели и реже)","Иногда пью (раз в 2 недели и реже)","Обожаю","Обожаю","Терпеть не могу","Терпеть не могу","Иногда ем (раз в месяц и реже)","Терпеть не могу","Иногда ем (раз в месяц и реже)","Терпеть не могу","26-33 года","Нет","Мужчина"
"2017/01/29 2:27:00 ДП GMT+5","Иногда ем (раз в 2 недели и реже)","Обожаю","Иногда ем (раз в 2 недели и реже)","Иногда ем (раз в 2 недели и реже)","Обожаю","Обожаю","Обожаю","Обожаю","Обожаю","Обожаю","Терпеть не могу","Терпеть не могу","Терпеть не могу","Обожаю","Обожаю","Обожаю","26-33 года","Нет","Мужчина"
"2017/01/29 2:30:55 ДП GMT+5","Иногда ем (раз в 2 недели и реже)","Иногда ем (раз в месяц или реже)","Обожаю","Обожаю","Терпеть не могу","Иногда пью (раз в 2 недели и реже)","Обожаю","Обожаю","Иногда пью (раз в 2 недели и реже)","Обожаю","Иногда ем (раз в 2 недели и реже)","Обожаю","Терпеть не могу","Обожаю","Обожаю","Иногда ем (раз в месяц и реже)","21-25 лет","Нет","Женщина"
"2017/01/29 2:37:16 ДП GMT+5","Иногда ем (раз в 2 недели и реже)","Обожаю","Обожаю","Иногда ем (раз в 2 недели и реже)","Иногда пью (раз в 2 недели и реже)","Терпеть не могу","Иногда ем (раз в 2 недели и реже)","Иногда пью (раз в 2 недели и реже)","Иногда пью (раз в 2 недели и реже)","Обожаю","Иногда ем (раз в 2 недели и реже)","Обожаю","Иногда ем (раз в месяц и реже)","Обожаю","Обожаю","Терпеть не могу","21-25 лет","Да и много","Женщина"
"2017/01/29 2:39:31 ДП GMT+5","Терпеть не могу","Терпеть не могу","Иногда ем (раз в 2 недели и реже)","Иногда ем (раз в 2 недели и реже)","Иногда пью (раз в 2 недели и реже)","Иногда пью (раз в 2 недели и реже)","Обожаю","Терпеть не могу","Обожаю","Обожаю","Обожаю","Обожаю","Терпеть не могу","Обожаю","Обожаю","Терпеть не могу","21-25 лет","Нет","Мужчина"
"2017/01/29 2:50:52 ДП GMT+5","Терпеть не могу","Иногда ем (раз в месяц или реже)","Иногда ем (раз в 2 недели и реже)","Иногда ем (раз в 2 недели и реже)","Обожаю","Терпеть не могу","Иногда ем (раз в 2 недели и реже)","Обожаю","Иногда пью (раз в 2 недели и реже)","Терпеть не могу","Обожаю","Обожаю","Иногда ем (раз в месяц и реже)","Иногда ем (раз в месяц и реже)","Иногда ем (раз в месяц и реже)","Иногда ем (раз в месяц и реже)","26-33 года","Нет","Женщина"
"2017/01/29 2:54:48 ДП GMT+5","Обожаю","Обожаю","Обожаю","Обожаю","Обожаю","Терпеть не могу","Обожаю","Иногда пью (раз в 2 недели и реже)","Иногда пью (раз в 2 недели и реже)","Немного умею, но особо этим не занимаюсь","Терпеть не могу","Обожаю","Обожаю","Обожаю","Обожаю","Обожаю","26-33 года","Нет","Женщина"
"2017/01/29 2:56:50 ДП GMT+5","Иногда ем (раз в 2 недели и реже)","Иногда ем (раз в месяц или реже)","Обожаю","Терпеть не могу","Иногда пью (раз в 2 недели и реже)","Терпеть не могу","Иногда ем (раз в 2 недели и реже)","Терпеть не могу","Иногда пью (раз в 2 недели и реже)","Обожаю","Иногда ем (раз в 2 недели и реже)","Иногда пью (раз в 2 недели и реже)","Иногда ем (раз в месяц и реже)","Иногда ем (раз в месяц и реже)","Иногда ем (раз в месяц и реже)","Иногда ем (раз в месяц и реже)","21-25 лет","Нет","Мужчина"
"2017/01/29 3:12:06 ДП GMT+5","Иногда ем (раз в 2 недели и реже)","Иногда ем (раз в месяц или реже)","Обожаю","Иногда ем (раз в 2 недели и реже)","Терпеть не могу","Иногда пью (раз в 2 недели и реже)","Обожаю","Терпеть не могу","Обожаю","Обожаю","Иногда ем (раз в 2 недели и реже)","Терпеть не могу","Терпеть не могу","Иногда ем (раз в месяц и реже)","Иногда ем (раз в месяц и реже)","Иногда ем (раз в месяц и реже)","26-33 года","Нет","Мужчина"
"2017/01/29 3:15:02 ДП GMT+5","Терпеть не могу","Терпеть не могу","Иногда ем (раз в 2 недели и реже)","Обожаю","Иногда пью (раз в 2 недели и реже)","Терпеть не могу","Обожаю","Терпеть не могу","Иногда пью (раз в 2 недели и реже)","Обожаю","Иногда ем (раз в 2 недели и реже)","Обожаю","Терпеть не могу","Иногда ем (раз в месяц и реже)","Терпеть не могу","Терпеть не могу","26-33 года","Нет","Мужчина"
"2017/01/29 3:16:16 ДП GMT+5","Обожаю","Обожаю","Обожаю","Обожаю","Терпеть не могу","Терпеть не могу","Иногда ем (раз в 2 недели и реже)","Обожаю","Терпеть не могу","Обожаю","Иногда ем (раз в 2 недели и реже)","Иногда пью (раз в 2 недели и реже)","Иногда ем (раз в месяц и реже)","Обожаю","Иногда ем (раз в месяц и реже)","Иногда ем (раз в месяц и реже)","26-33 года","Нет","Мужчина"
"2017/01/29 3:21:10 ДП GMT+5","Иногда ем (раз в 2 недели и реже)","Обожаю","Обожаю","Обожаю","Обожаю","Терпеть не могу","Иногда ем (раз в 2 недели и реже)","Терпеть не могу","Иногда пью (раз в 2 недели и реже)","Обожаю","Обожаю","Обожаю","Иногда ем (раз в месяц и реже)","Обожаю","Обожаю","Обожаю","21-25 лет","Нет","Женщина"
"2017/01/29 3:25:48 ДП GMT+5","Иногда ем (раз в 2 недели и реже)","Иногда ем (раз в месяц или реже)","Иногда ем (раз в 2 недели и реже)","Обожаю","Иногда пью (раз в 2 недели и реже)","Терпеть не могу","Обожаю","Иногда пью (раз в 2 недели и реже)","Обожаю","Немного умею, но особо этим не занимаюсь","Иногда ем (раз в 2 недели и реже)","Обожаю","Терпеть не могу","Обожаю","Обожаю","Иногда ем (раз в месяц и реже)","21-25 лет","Да, но всего 1-2","Женщина"
"2017/01/29 3:50:52 ДП GMT+5","Обожаю","Иногда ем (раз в месяц или реже)","Обожаю","Иногда ем (раз в 2 недели и реже)","Терпеть не могу","Терпеть не могу","Обожаю","Иногда пью (раз в 2 недели и реже)","Иногда пью (раз в 2 недели и реже)","Обожаю","Иногда ем (раз в 2 недели и реже)","Терпеть не могу","Терпеть не могу","Терпеть не могу","Терпеть не могу","Терпеть не могу","21-25 лет","Нет","Мужчина"
"2017/01/29 3:57:02 ДП GMT+5","Иногда ем (раз в 2 недели и реже)","Обожаю","Обожаю","Обожаю","Иногда пью (раз в 2 недели и реже)","Терпеть не могу","Терпеть не могу","Обожаю","Обожаю","Терпеть не могу","Иногда ем (раз в 2 недели и реже)","Иногда пью (раз в 2 недели и реже)","Иногда ем (раз в месяц и реже)","Обожаю","Иногда ем (раз в месяц и реже)","Обожаю","34-45 лет","Нет","Мужчина"
"2017/01/29 4:11:52 ДП GMT+5","Иногда ем (раз в 2 недели и реже)","Иногда ем (раз в месяц или реже)","Обожаю","Иногда ем (раз в 2 недели и реже)","Иногда пью (раз в 2 недели и реже)","Терпеть не могу","Иногда ем (раз в 2 недели и реже)","Обожаю","Иногда пью (раз в 2 недели и реже)","Немного умею, но особо этим не занимаюсь","Терпеть не могу","Иногда пью (раз в 2 недели и реже)","Иногда ем (раз в месяц и реже)","Иногда ем (раз в месяц и реже)","Иногда ем (раз в месяц и реже)","Терпеть не могу","26-33 года","Нет","Мужчина"
"2017/01/29 4:14:46 ДП GMT+5","Обожаю","Иногда ем (раз в месяц или реже)","Обожаю","Обожаю","Иногда пью (раз в 2 недели и реже)","Иногда пью (раз в 2 недели и реже)","Иногда ем (раз в 2 недели и реже)","Иногда пью (раз в 2 недели и реже)","Обожаю","Немного умею, но особо этим не занимаюсь","Иногда ем (раз в 2 недели и реже)","Обожаю","Обожаю","Иногда ем (раз в месяц и реже)","Обожаю","Иногда ем (раз в месяц и реже)","34-45 лет","Нет","Мужчина"
"2017/01/29 4:25:15 ДП GMT+5","Обожаю","Терпеть не могу","Обожаю","Обожаю","Терпеть не могу","Терпеть не могу","Обожаю","Иногда пью (раз в 2 недели и реже)","Иногда пью (раз в 2 недели и реже)","Обожаю","Иногда ем (раз в 2 недели и реже)","Иногда пью (раз в 2 недели и реже)","Иногда ем (раз в месяц и реже)","Иногда ем (раз в месяц и реже)","Иногда ем (раз в месяц и реже)","Терпеть не могу","16-20 лет","Да, но всего 1-2","Мужчина"
"2017/01/29 4:55:59 ДП GMT+5","Иногда ем (раз в 2 недели и реже)","Обожаю","Обожаю","Обожаю","Терпеть не могу","Иногда пью (раз в 2 недели и реже)","Обожаю","Терпеть не могу","Обожаю","Обожаю","Обожаю","Обожаю","","Обожаю","Иногда ем (раз в месяц и реже)","","21-25 лет","Да, но всего 1-2","Мужчина"
"2017/01/29 5:11:35 ДП GMT+5","Иногда ем (раз в 2 недели и реже)","Обожаю","Обожаю","Обожаю","Иногда пью (раз в 2 недели и реже)","Иногда пью (раз в 2 недели и реже)","Обожаю","Иногда пью (раз в 2 недели и реже)","Терпеть не могу","Терпеть не могу","Обожаю","Обожаю","Обожаю","Обожаю","Обожаю","Терпеть не могу","34-45 лет","Нет","Мужчина"
"2017/01/29 5:28:01 ДП GMT+5","Обожаю","Обожаю","Обожаю","Иногда ем (раз в 2 недели и реже)","Обожаю","Терпеть не могу","Обожаю","Обожаю","Обожаю","Терпеть не могу","Иногда ем (раз в 2 недели и реже)","Обожаю","Иногда ем (раз в месяц и реже)","Иногда ем (раз в месяц и реже)","Иногда ем (раз в месяц и реже)","Обожаю","16-20 лет","Нет","Мужчина"
"2017/01/29 5:30:21 ДП GMT+5","Терпеть не могу","Обожаю","Иногда ем (раз в 2 недели и реже)","Обожаю","Терпеть не могу","Терпеть не могу","Иногда ем (раз в 2 недели и реже)","Иногда пью (раз в 2 недели и реже)","Иногда пью (раз в 2 недели и реже)","Обожаю","Иногда ем (раз в 2 недели и реже)","Обожаю","Терпеть не могу","Обожаю","Иногда ем (раз в месяц и реже)","Обожаю","21-25 лет","Нет","Женщина"
"2017/01/29 6:13:15 ДП GMT+5","Обожаю","Обожаю","Иногда ем (раз в 2 недели и реже)","Обожаю","Иногда пью (раз в 2 недели и реже)","Иногда пью (раз в 2 недели и реже)","Иногда ем (раз в 2 недели и реже)","Терпеть не могу","Обожаю","Немного умею, но особо этим не занимаюсь","Иногда ем (раз в 2 недели и реже)","Иногда пью (раз в 2 недели и реже)","Иногда ем (раз в месяц и реже)","Обожаю","Иногда ем (раз в месяц и реже)","Обожаю","16-20 лет","Нет","Женщина"
"2017/01/29 8:36:45 ДП GMT+5","Обожаю","Иногда ем (раз в месяц или реже)","Иногда ем (раз в 2 недели и реже)","Обожаю","Иногда пью (раз в 2 недели и реже)","Иногда пью (раз в 2 недели и реже)","Обожаю","Обожаю","Терпеть не могу","Обожаю","Иногда ем (раз в 2 недели и реже)","Обожаю","Терпеть не могу","Иногда ем (раз в месяц и реже)","Обожаю","Обожаю","26-33 года","Нет","Мужчина"
"2017/01/29 9:33:40 ДП GMT+5","Обожаю","Обожаю","Иногда ем (раз в 2 недели и реже)","Обожаю","Терпеть не могу","Обожаю","Обожаю","Терпеть не могу","Обожаю","Обожаю","Иногда ем (раз в 2 недели и реже)","Обожаю","Терпеть не могу","Иногда ем (раз в месяц и реже)","Иногда ем (раз в месяц и реже)","Терпеть не могу","21-25 лет","Нет","Мужчина"
"2017/01/29 10:28:09 ДП GMT+5","Иногда ем (раз в 2 недели и реже)","Обожаю","Обожаю","Иногда ем (раз в 2 недели и реже)","Терпеть не могу","Терпеть не могу","Иногда ем (раз в 2 недели и реже)","Терпеть не могу","Терпеть не могу","Обожаю","Терпеть не могу","Обожаю","Терпеть не могу","Обожаю","Иногда ем (раз в месяц и реже)","Обожаю","26-33 года","Нет","Женщина"
"2017/01/29 10:38:21 ДП GMT+5","Обожаю","Обожаю","Обожаю","Обожаю","Иногда пью (раз в 2 недели и реже)","Терпеть не могу","Обожаю","Иногда пью (раз в 2 недели и реже)","Иногда пью (раз в 2 недели и реже)","Обожаю","Обожаю","Обожаю","Обожаю","Иногда ем (раз в месяц и реже)","Обожаю","Иногда ем (раз в месяц и реже)","21-25 лет","Да, но всего 1-2","Женщина"
"2017/01/29 12:20:31 ПП GMT+5","Терпеть не могу","Иногда ем (раз в месяц или реже)","Иногда ем (раз в 2 недели и реже)","Иногда ем (раз в 2 недели и реже)","Иногда пью (раз в 2 недели и реже)","Терпеть не могу","Иногда ем (раз в 2 недели и реже)","Обожаю","Иногда пью (раз в 2 недели и реже)","Обожаю","Иногда ем (раз в 2 недели и реже)","Обожаю","Иногда ем (раз в месяц и реже)","Иногда ем (раз в месяц и реже)","Иногда ем (раз в месяц и реже)","Иногда ем (раз в месяц и реже)","26-33 года","Нет","Мужчина"
"2017/01/29 12:27:08 ПП GMT+5","Иногда ем (раз в 2 недели и реже)","Терпеть не могу","Иногда ем (раз в 2 недели и реже)","Иногда ем (раз в 2 недели и реже)","Иногда пью (раз в 2 недели и реже)","Терпеть не могу","Иногда ем (раз в 2 недели и реже)","Иногда пью (раз в 2 недели и реже)","Иногда пью (раз в 2 недели и реже)","Немного умею, но особо этим не занимаюсь","Терпеть не могу","Обожаю","Обожаю","Обожаю","Иногда ем (раз в месяц и реже)","Обожаю","26-33 года","Да, но всего 1-2","Женщина"
"2017/01/29 1:26:41 ПП GMT+5","Обожаю","Обожаю","Обожаю","Обожаю","Иногда пью (раз в 2 недели и реже)","Терпеть не могу","Иногда ем (раз в 2 недели и реже)","Обожаю","Обожаю","Обожаю","Обожаю","Обожаю","Иногда ем (раз в месяц и реже)","Иногда ем (раз в месяц и реже)","Иногда ем (раз в месяц и реже)","Иногда ем (раз в месяц и реже)","26-33 года","Нет","Мужчина"
"2017/01/29 1:26:43 ПП GMT+5","Иногда ем (раз в 2 недели и реже)","Обожаю","Иногда ем (раз в 2 недели и реже)","Иногда ем (раз в 2 недели и реже)","Обожаю","Терпеть не могу","Иногда ем (раз в 2 недели и реже)","Иногда пью (раз в 2 недели и реже)","Иногда пью (раз в 2 недели и реже)","Обожаю","Терпеть не могу","Иногда пью (раз в 2 недели и реже)","Иногда ем (раз в месяц и реже)","Иногда ем (раз в месяц и реже)","Обожаю","Иногда ем (раз в месяц и реже)","26-33 года","Да, но всего 1-2","Женщина"
"2017/01/29 1:26:50 ПП GMT+5","Терпеть не могу","Терпеть не могу","Иногда ем (раз в 2 недели и реже)","Иногда ем (раз в 2 недели и реже)","Терпеть не могу","Терпеть не могу","Иногда ем (раз в 2 недели и реже)","Иногда пью (раз в 2 недели и реже)","Иногда пью (раз в 2 недели и реже)","Обожаю","Терпеть не могу","Иногда пью (раз в 2 недели и реже)","Иногда ем (раз в месяц и реже)","Иногда ем (раз в месяц и реже)","Иногда ем (раз в месяц и реже)","Терпеть не могу","26-33 года","Нет","Женщина"
"2017/01/29 2:10:29 ПП GMT+5","Обожаю","Иногда ем (раз в месяц или реже)","Иногда ем (раз в 2 недели и реже)","Иногда ем (раз в 2 недели и реже)","Иногда пью (раз в 2 недели и реже)","Терпеть не могу","Иногда ем (раз в 2 недели и реже)","Обожаю","Иногда пью (раз в 2 недели и реже)","Немного умею, но особо этим не занимаюсь","Иногда ем (раз в 2 недели и реже)","Терпеть не могу","Иногда ем (раз в месяц и реже)","Иногда ем (раз в месяц и реже)","Терпеть не могу","Терпеть не могу","21-25 лет","Нет","Женщина"
"2017/01/29 2:12:05 ПП GMT+5","Иногда ем (раз в 2 недели и реже)","Обожаю","Обожаю","Иногда ем (раз в 2 недели и реже)","Терпеть не могу","Терпеть не могу","Иногда ем (раз в 2 недели и реже)","Обожаю","Иногда пью (раз в 2 недели и реже)","Обожаю","","Иногда пью (раз в 2 недели и реже)","Иногда ем (раз в месяц и реже)","Иногда ем (раз в месяц и реже)","Иногда ем (раз в месяц и реже)","Терпеть не могу","21-25 лет","Нет","Женщина"
"2017/01/29 2:22:37 ПП GMT+5","Иногда ем (раз в 2 недели и реже)","Иногда ем (раз в месяц или реже)","Иногда ем (раз в 2 недели и реже)","Терпеть не могу","Обожаю","Терпеть не могу","Обожаю","Обожаю","Обожаю","Немного умею, но особо этим не занимаюсь","Терпеть не могу","Иногда пью (раз в 2 недели и реже)","Обожаю","Обожаю","Обожаю","Обожаю","26-33 года","Нет","Мужчина"
"2017/01/29 4:27:44 ПП GMT+5","Иногда ем (раз в 2 недели и реже)","Иногда ем (раз в месяц или реже)","Иногда ем (раз в 2 недели и реже)","Иногда ем (раз в 2 недели и реже)","Иногда пью (раз в 2 недели и реже)","Иногда пью (раз в 2 недели и реже)","Иногда ем (раз в 2 недели и реже)","Терпеть не могу","Иногда пью (раз в 2 недели и реже)","Немного умею, но особо этим не занимаюсь","Иногда ем (раз в 2 недели и реже)","Иногда пью (раз в 2 недели и реже)","Иногда ем (раз в месяц и реже)","Иногда ем (раз в месяц и реже)","Иногда ем (раз в месяц и реже)","Иногда ем (раз в месяц и реже)","21-25 лет","Нет","Мужчина"
"2017/01/29 5:55:01 ПП GMT+5","Терпеть не могу","Иногда ем (раз в месяц или реже)","Иногда ем (раз в 2 недели и реже)","Обожаю","Терпеть не могу","Терпеть не могу","Иногда ем (раз в 2 недели и реже)","Терпеть не могу","Терпеть не могу","Обожаю","Иногда ем (раз в 2 недели и реже)","Иногда пью (раз в 2 недели и реже)","Терпеть не могу","Иногда ем (раз в месяц и реже)","Иногда ем (раз в месяц и реже)","Иногда ем (раз в месяц и реже)","16-20 лет","Нет","Мужчина"
"2017/01/29 9:13:58 ПП GMT+5","Терпеть не могу","Терпеть не могу","Терпеть не могу","Терпеть не могу","Терпеть не могу","Терпеть не могу","Терпеть не могу","Иногда пью (раз в 2 недели и реже)","Иногда пью (раз в 2 недели и реже)","Немного умею, но особо этим не занимаюсь","Терпеть не могу","Обожаю","Терпеть не могу","Иногда ем (раз в месяц и реже)","Обожаю","Обожаю","26-33 года","Нет","Женщина"
"2017/01/29 10:27:32 ПП GMT+5","Терпеть не могу","Иногда ем (раз в месяц или реже)","Терпеть не могу","Иногда ем (раз в 2 недели и реже)","Терпеть не могу","Иногда пью (раз в 2 недели и реже)","Иногда ем (раз в 2 недели и реже)","Обожаю","Терпеть не могу","Обожаю","Терпеть не могу","Обожаю","Терпеть не могу","Терпеть не могу","Обожаю","Обожаю","26-33 года","Нет","Женщина"
"2017/01/29 11:53:18 ПП GMT+5","Обожаю","Обожаю","Иногда ем (раз в 2 недели и реже)","Иногда ем (раз в 2 недели и реже)","Терпеть не могу","Иногда пью (раз в 2 недели и реже)","Обожаю","Иногда пью (раз в 2 недели и реже)","Иногда пью (раз в 2 недели и реже)","Терпеть не могу","Иногда ем (раз в 2 недели и реже)","Терпеть не могу","Обожаю","Обожаю","Иногда ем (раз в месяц и реже)","Обожаю","26-33 года","Нет","Женщина"
"2017/01/30 10:14:15 ДП GMT+5","Обожаю","Обожаю","Обожаю","Обожаю","Терпеть не могу","Терпеть не могу","Обожаю","Терпеть не могу","Обожаю","Терпеть не могу","Обожаю","Обожаю","Иногда ем (раз в месяц и реже)","Обожаю","Обожаю","Терпеть не могу","21-25 лет","Нет","Женщина"
"2017/01/30 1:31:21 ПП GMT+5","Обожаю","Обожаю","Обожаю","Обожаю","Обожаю","Терпеть не могу","Обожаю","Терпеть не могу","Иногда пью (раз в 2 недели и реже)","Немного умею, но особо этим не занимаюсь","Обожаю","Обожаю","Иногда ем (раз в месяц и реже)","Иногда ем (раз в месяц и реже)","Обожаю","Терпеть не могу","26-33 года","Да, но всего 1-2","Мужчина"
"2017/01/30 1:55:59 ПП GMT+5","Терпеть не могу","Обожаю","Обожаю","Иногда ем (раз в 2 недели и реже)","Иногда пью (раз в 2 недели и реже)","Терпеть не могу","Обожаю","Иногда пью (раз в 2 недели и реже)","Иногда пью (раз в 2 недели и реже)","Немного умею, но особо этим не занимаюсь","Иногда ем (раз в 2 недели и реже)","Иногда пью (раз в 2 недели и реже)","Иногда ем (раз в месяц и реже)","Иногда ем (раз в месяц и реже)","Обожаю","Обожаю","21-25 лет","Нет","Женщина"
"2017/01/30 4:35:19 ПП GMT+5","Терпеть не могу","Обожаю","Иногда ем (раз в 2 недели и реже)","Иногда ем (раз в 2 недели и реже)","Иногда пью (раз в 2 недели и реже)","Терпеть не могу","Иногда ем (раз в 2 недели и реже)","Иногда пью (раз в 2 недели и реже)","Иногда пью (раз в 2 недели и реже)","Обожаю","Иногда ем (раз в 2 недели и реже)","Иногда пью (раз в 2 недели и реже)","Иногда ем (раз в месяц и реже)","Обожаю","Иногда ем (раз в месяц и реже)","Обожаю","21-25 лет","Нет","Женщина"
"2017/01/30 7:01:36 ПП GMT+5","Иногда ем (раз в 2 недели и реже)","Терпеть не могу","Обожаю","Обожаю","Обожаю","Иногда пью (раз в 2 недели и реже)","Обожаю","Иногда пью (раз в 2 недели и реже)","Обожаю","Обожаю","Обожаю","Обожаю","Иногда ем (раз в месяц и реже)","Обожаю","Обожаю","Иногда ем (раз в месяц и реже)","26-33 года","Да, но всего 1-2","Мужчина"
"2017/01/30 7:05:19 ПП GMT+5","Обожаю","Иногда ем (раз в месяц или реже)","Иногда ем (раз в 2 недели и реже)","Иногда ем (раз в 2 недели и реже)","Иногда пью (раз в 2 недели и реже)","Иногда пью (раз в 2 недели и реже)","Обожаю","Обожаю","Иногда пью (раз в 2 недели и реже)","Терпеть не могу","Иногда ем (раз в 2 недели и реже)","Обожаю","Иногда ем (раз в месяц и реже)","Терпеть не могу","Иногда ем (раз в месяц и реже)","Обожаю","26-33 года","Да, но всего 1-2","Мужчина"
"2017/01/30 7:18:37 ПП GMT+5","Иногда ем (раз в 2 недели и реже)","Иногда ем (раз в месяц или реже)","Обожаю","Обожаю","Терпеть не могу","Терпеть не могу","Обожаю","Обожаю","Обожаю","Немного умею, но особо этим не занимаюсь","Иногда ем (раз в 2 недели и реже)","Терпеть не могу","Обожаю","Обожаю","Обожаю","Обожаю","26-33 года","Нет","Мужчина"
"2017/01/30 7:21:59 ПП GMT+5","Обожаю","Иногда ем (раз в месяц или реже)","Обожаю","Обожаю","Обожаю","Терпеть не могу","Обожаю","Иногда пью (раз в 2 недели и реже)","Иногда пью (раз в 2 недели и реже)","Обожаю","Иногда ем (раз в 2 недели и реже)","Обожаю","Иногда ем (раз в месяц и реже)","Обожаю","Иногда ем (раз в месяц и реже)","Терпеть не могу","21-25 лет","Да, но всего 1-2","Мужчина"
"2017/01/30 7:24:59 ПП GMT+5","Иногда ем (раз в 2 недели и реже)","Обожаю","Обожаю","Обожаю","Обожаю","Иногда пью (раз в 2 недели и реже)","Иногда ем (раз в 2 недели и реже)","Иногда пью (раз в 2 недели и реже)","Обожаю","Немного умею, но особо этим не занимаюсь","Обожаю","Обожаю","Иногда ем (раз в месяц и реже)","Иногда ем (раз в месяц и реже)","Иногда ем (раз в месяц и реже)","Обожаю","21-25 лет","Нет","Мужчина"
"2017/01/30 8:18:27 ПП GMT+5","Обожаю","Обожаю","Обожаю","Обожаю","Иногда пью (раз в 2 недели и реже)","Терпеть не могу","Обожаю","Обожаю","Обожаю","Немного умею, но особо этим не занимаюсь","Обожаю","Обожаю","Обожаю","Обожаю","Иногда ем (раз в месяц и реже)","Иногда ем (раз в месяц и реже)","26-33 года","Нет","Мужчина"
"2017/01/30 9:09:45 ПП GMT+5","Обожаю","Обожаю","Обожаю","Обожаю","Иногда пью (раз в 2 недели и реже)","Терпеть не могу","Обожаю","Обожаю","Иногда пью (раз в 2 недели и реже)","Немного умею, но особо этим не занимаюсь","Обожаю","Обожаю","Иногда ем (раз в месяц и реже)","Иногда ем (раз в месяц и реже)","Обожаю","Обожаю","21-25 лет","Да, но всего 1-2","Женщина"
"2017/01/30 10:41:05 ПП GMT+5","Обожаю","Обожаю","Обожаю","Иногда ем (раз в 2 недели и реже)","Терпеть не могу","Иногда пью (раз в 2 недели и реже)","Обожаю","Терпеть не могу","Иногда пью (раз в 2 недели и реже)","Обожаю","Иногда ем (раз в 2 недели и реже)","Иногда пью (раз в 2 недели и реже)","Терпеть не могу","Обожаю","Иногда ем (раз в месяц и реже)","Терпеть не могу","21-25 лет","Нет","Мужчина"
"2017/01/30 11:29:35 ПП GMT+5","Обожаю","Иногда ем (раз в месяц или реже)","Обожаю","Обожаю","Иногда пью (раз в 2 недели и реже)","Иногда пью (раз в 2 недели и реже)","Иногда ем (раз в 2 недели и реже)","Обожаю","Обожаю","Обожаю","Иногда ем (раз в 2 недели и реже)","Обожаю","Иногда ем (раз в месяц и реже)","Иногда ем (раз в месяц и реже)","Иногда ем (раз в месяц и реже)","Иногда ем (раз в месяц и реже)","21-25 лет","Нет","Мужчина"